Workbook

Sheet Bef
A1: Data | B1: 3: Cod | C1: 4: Whiting | D1: 1: Whales | E1: 2: Seals | F1: 5: Mackerel | G1: 6: Anchovy | H1: 7: Shrimp | I1: 8: Benthos | J1: 9: Zooplankton | K1: 10: Phytoplankton | L1: 11: Detritus
A2: 2010 | B2: 1 | C2: 1 | D2: 1 | E2: 1 | F2: 1 | G2: 1 | H2: 1 | I2: 1 | J2: 1 | K2: 1 | L2: 1
A3: 2010.0833 | B3: 0.99999923 | C3: 1.0000057 | D3: 1.0016668 | E3: 0.9983393 | F3: 1.0000002 | G3: 1.0000011 | H3: 1.0000108 | I3: 1.0000082 | J3: 0.99998301 | K3: 1.000011 | L3: 0.99997634
A4: 2010.1667 | B4: 0.99999768 | C4: 1.0000013 | D4: 1.0033321 | E4: 0.9966898 | F4: 0.99998659 | G4: 1.0000049 | H4: 1.000012 | I4: 1.0000228 | J4: 0.99999022 | K4: 0.999991 | L4: 0.99998176
A5: 2010.25 | B5: 0.99999529 | C5: 0.99999702 | D5: 1.0049967 | E5: 0.99505466 | F5: 0.99996322 | G5: 0.99999869 | H5: 1.0000132 | I5: 1.0000291 | J5: 0.99998665 | K5: 0.99998403 | L5: 0.99997985
A6: 2010.3333 | B6: 0.99999219 | C6: 0.99999225 | D6: 1.0066602 | E6: 0.99343413 | F6: 0.99992949 | G6: 0.99998552 | H6: 1.0000181 | I6: 1.000031 | J6: 0.99998319 | K6: 0.99998599 | L6: 0.99997711
A7: 2010.4167 | B7: 0.99998832 | C7: 0.99998629 | D7: 1.0083227 | E7: 0.9918282 | F7: 0.99988467 | G7: 0.99996746 | H7: 1.0000273 | I7: 1.0000317 | J7: 0.99998277 | K7: 0.9999907 | L7: 0.99997586
A8: 2010.5 | B8: 0.99998349 | C8: 0.99997878 | D8: 1.009984 | E8: 0.99023694 | F8: 0.99982864 | G8: 0.9999457 | H8: 1.0000403 | I8: 1.000033 | J8: 0.9999854 | K8: 0.99999535 | L8: 0.99997634
A9: 2010.5833 | B9: 0.99997765 | C9: 0.99996954 | D9: 1.011644 | E9: 0.98866022 | F9: 0.9997611 | G9: 0.99992102 | H9: 1.0000563 | I9: 1.0000356 | J9: 0.99998969 | K9: 0.99999839 | L9: 0.99997807
A10: 2010.6667 | B10: 0.99997085 | C10: 0.99995828 | D10: 1.0133027 | E10: 0.98709786 | F10: 0.99968201 | G10: 0.99989396 | H10: 1.0000746 | I10: 1.0000402 | J10: 0.99999475 | K10: 0.99999958 | L10: 0.99998009
A11: 2010.75 | B11: 0.99996287 | C11: 0.99994498 | D11: 1.0149599 | E11: 0.98554981 | F11: 0.99959141 | G11: 0.9998647 | H11: 1.0000949 | I11: 1.0000465 | J11: 0.99999982 | K11: 0.99999976 | L11: 0.99998176
A12: 2010.8333 | B12: 0.99995393 | C12: 0.99992955 | D12: 1.0166156 | E12: 0.98401594 | F12: 0.99948949 | G12: 0.99983364 | H12: 1.0001171 | I12: 1.0000545 | J12: 1.0000046 | K12: 0.99999893 | L12: 0.99998319
A13: 2010.9167 | B13: 0.99994379 | C13: 0.9999119 | D13: 1.0182699 | E13: 0.98249608 | F13: 0.99937636 | G13: 0.99980104 | H13: 1.0001411 | I13: 1.0000637 | J13: 1.0000093 | K13: 0.99999785 | L13: 0.99998415
... A494: 2051 | B494: 0.067418836 | C494: 0.73525661 | D494: 1.7157601 | E494: 1.3851098 | F494: 1.3136547 | G494: 1.267568 | H494: 1.7411149 | I494: 1.0126446 | J494: 0.97987109 | K494: 1.0210192 | L494: 1.0044699
A495: 3.4028235e+38

Sheet Aft
A1: Data | B1: 3: Cod | C1: 1: Whales | D1: 2: Seals | E1: 4: Whiting | F1: 5: Mackerel | G1: 6: Anchovy | H1: 7: Shrimp | I1: 8: Benthos | J1: 9: Zooplankton | K1: 10: Phytoplankton | L1: 11: Detritus
A2: 2010 | B2: 1 | C2: 1 | D2: 1 | E2: 1 | F2: 1 | G2: 1 | H2: 1 | I2: 1 | J2: 1 | K2: 1 | L2: 1
A3: 2010.0833 | B3: 0.99999923 | C3: 1.0016668 | D3: 0.9983393 | E3: 1.0000057 | F3: 1.0000002 | G3: 1.0000011 | H3: 1.0000108 | I3: 1.0000082 | J3: 0.99998301 | K3: 1.000011 | L3: 0.99997634
A4: 2010.1667 | B4: 0.99999768 | C4: 1.0033321 | D4: 0.9966898 | E4: 1.0000013 | F4: 0.99998659 | G4: 1.0000049 | H4: 1.000012 | I4: 1.0000228 | J4: 0.99999022 | K4: 0.999991 | L4: 0.99998176
A5: 2010.25 | B5: 0.99999529 | C5: 1.0049967 | D5: 0.99505466 | E5: 0.99999702 | F5: 0.99996322 | G5: 0.99999869 | H5: 1.0000132 | I5: 1.0000291 | J5: 0.99998665 | K5: 0.99998403 | L5: 0.99997985
A6: 2010.3333 | B6: 0.99999219 | C6: 1.0066602 | D6: 0.99343413 | E6: 0.99999225 | F6: 0.99992949 | G6: 0.99998552 | H6: 1.0000181 | I6: 1.000031 | J6: 0.99998319 | K6: 0.99998599 | L6: 0.99997711
A7: 2010.4167 | B7: 0.99988467 | C7: 1.0083225 | D7: 0.99177742 | E7: 0.9999072 | F7: 0.99965549 | G7: 0.99983519 | H7: 0.99962294 | I7: 1.0000354 | J7: 1.000003 | K7: 1.0000319 | L7: 0.99998552
A8: 2010.5 | B8: 0.99988127 | C8: 1.0099833 | D8: 0.99018651 | E8: 0.99989647 | F8: 0.999605 | G8: 0.99982959 | H8: 0.9996919 | I8: 1.0000471 | J8: 1.0000236 | K8: 1.0000181 | L8: 0.99999809
A9: 2010.5833 | B9: 0.9998765 | C9: 1.0116427 | D9: 0.98861021 | E9: 0.99988437 | F9: 0.99954236 | G9: 0.99981946 | H9: 0.99975944 | I9: 1.0000595 | J9: 1.000028 | K9: 1.0000043 | L9: 0.9999997
A10: 2010.6667 | B10: 0.99997419 | C10: 1.013301 | D10: 0.98709893 | E10: 0.99994969 | F10: 0.99969643 | G10: 0.99993753 | H10: 1.0002296 | I10: 1.0000678 | J10: 1.0000061 | K10: 0.99995393 | L10: 0.99998701
A11: 2010.75 | B11: 1.0001731 | C11: 1.0149587 | D11: 0.98565215 | E11: 1.0000956 | F11: 1.0000621 | G11: 1.0001681 | H11: 1.0010473 | I11: 1.0000612 | J11: 0.99994481 | K11: 0.99988532 | L11: 0.99995136
A12: 2010.8333 | B12: 1.0004206 | C12: 1.0166161 | D12: 0.98424381 | E12: 1.0002856 | F12: 1.0005206 | G12: 1.0004312 | H12: 1.0019588 | I12: 1.0000316 | J12: 0.99985623 | K12: 0.99983406 | L12: 0.99989927
A13: 2010.9167 | B13: 1.0007166 | C13: 1.0182736 | D13: 0.98287344 | E13: 1.0005202 | F13: 1.0010711 | G13: 1.0007225 | H13: 1.0029455 | I13: 0.99997693 | J13: 0.99975687 | K13: 0.99980044 | L13: 0.99984246
... A494: 2051 | B494: 1.2435627 | C494: 1.8777652 | D494: 1.444916 | E494: 1.2714095 | F494: 1.3763798 | G494: 0.92058951 | H494: 1.0312269 | I494: 0.96476012 | J494: 1.0007945 | K494: 0.99105328 | L494: 0.99808902
A495: 3.4028235e+38

Sheet Diff
A1: Data | B1: 3: Cod | C1: 4: Whiting | D1: 1: Whales | E1: 2: Seals | F1: 5: Mackerel | G1: 6: Anchovy | H1: 7: Shrimp | I1: 8: Benthos | J1: 9: Zooplankton | K1: 10: Phytoplankton | L1: 11: Detritus
A2: 2010 | B2: =Aft!B2 / Bef!B2 -> 1 | C2: =Aft!C2 / Bef!C2 -> 1 | D2: =Aft!D2 / Bef!D2 -> 1 | E2: =Aft!E2 / Bef!E2 -> 1 | F2: =Aft!F2 / Bef!F2 -> 1 | G2: =Aft!G2 / Bef!G2 -> 1 | H2: =Aft!H2 / Bef!H2 -> 1 | I2: =Aft!I2 / Bef!I2 -> 1 | ... L2: =Aft!L2 / Bef!L2 -> 1
A3: 2010.0833 | B3: =Aft!B3 / Bef!B3 -> 1 | C3: =Aft!C3 / Bef!C3 -> 1.0016611 | D3: =Aft!D3 / Bef!D3 -> 0.99667805 | E3: =Aft!E3 / Bef!E3 -> 1.0016692 | F3: =Aft!F3 / Bef!F3 -> 1 | G3: =Aft!G3 / Bef!G3 -> 1 | H3: =Aft!H3 / Bef!H3 -> 1 | I3: =Aft!I3 / Bef!I3 -> 1 | ... L3: =Aft!L3 / Bef!L3 -> 1
A4: 2010.1667 | B4: =Aft!B4 / Bef!B4 -> 1 | C4: =Aft!C4 / Bef!C4 -> 1.0033308 | D4: =Aft!D4 / Bef!D4 -> 0.99337972 | E4: =Aft!E4 / Bef!E4 -> 1.0033225 | F4: =Aft!F4 / Bef!F4 -> 1 | G4: =Aft!G4 / Bef!G4 -> 1 | H4: =Aft!H4 / Bef!H4 -> 1 | I4: =Aft!I4 / Bef!I4 -> 1 | ... L4: =Aft!L4 / Bef!L4 -> 1
A5: 2010.25 | B5: =Aft!B5 / Bef!B5 -> 1 | C5: =Aft!C5 / Bef!C5 -> 1.0049997 | D5: =Aft!D5 / Bef!D5 -> 0.99010743 | E5: =Aft!E5 / Bef!E5 -> 1.0049669 | F5: =Aft!F5 / Bef!F5 -> 1 | G5: =Aft!G5 / Bef!G5 -> 1 | H5: =Aft!H5 / Bef!H5 -> 1 | I5: =Aft!I5 / Bef!I5 -> 1 | ... L5: =Aft!L5 / Bef!L5 -> 1
A6: 2010.3333 | B6: =Aft!B6 / Bef!B6 -> 1 | C6: =Aft!C6 / Bef!C6 -> 1.006668 | D6: =Aft!D6 / Bef!D6 -> 0.98686141 | E6: =Aft!E6 / Bef!E6 -> 1.0066015 | F6: =Aft!F6 / Bef!F6 -> 1 | G6: =Aft!G6 / Bef!G6 -> 1 | H6: =Aft!H6 / Bef!H6 -> 1 | I6: =Aft!I6 / Bef!I6 -> 1 | ... L6: =Aft!L6 / Bef!L6 -> 1
A7: 2010.4167 | B7: =Aft!B7 / Bef!B7 -> 0.99989635 | C7: =Aft!C7 / Bef!C7 -> 1.0083363 | D7: =Aft!D7 / Bef!D7 -> 0.98359127 | E7: =Aft!E7 / Bef!E7 -> 1.0081456 | F7: =Aft!F7 / Bef!F7 -> 0.99977079 | G7: =Aft!G7 / Bef!G7 -> 0.99986773 | H7: =Aft!H7 / Bef!H7 -> 0.99959565 | I7: =Aft!I7 / Bef!I7 -> 1.0000037 | ... L7: =Aft!L7 / Bef!L7 -> 1.0000097
A8: 2010.5 | B8: =Aft!B8 / Bef!B8 -> 0.99989778 | C8: =Aft!C8 / Bef!C8 -> 1.0100047 | D8: =Aft!D8 / Bef!D8 -> 0.9803982 | E8: =Aft!E8 / Bef!E8 -> 1.0097548 | F8: =Aft!F8 / Bef!F8 -> 0.99977633 | G8: =Aft!G8 / Bef!G8 -> 0.99988388 | H8: =Aft!H8 / Bef!H8 -> 0.99965162 | I8: =Aft!I8 / Bef!I8 -> 1.0000141 | ... L8: =Aft!L8 / Bef!L8 -> 1.0000218
A9: 2010.5833 | B9: =Aft!B9 / Bef!B9 -> 0.99989885 | C9: =Aft!C9 / Bef!C9 -> 1.0116735 | D9: =Aft!D9 / Bef!D9 -> 0.97723132 | E9: =Aft!E9 / Bef!E9 -> 1.0113529 | F9: =Aft!F9 / Bef!F9 -> 0.9997812 | G9: =Aft!G9 / Bef!G9 -> 0.99989843 | H9: =Aft!H9 / Bef!H9 -> 0.99970319 | I9: =Aft!I9 / Bef!I9 -> 1.0000238 | ... L9: =Aft!L9 / Bef!L9 -> 1.0000216
A10: 2010.6667 | B10: =Aft!B10 / Bef!B10 -> 1.0000033 | C10: =Aft!C10 / Bef!C10 -> 1.0133433 | D10: =Aft!D10 / Bef!D10 -> 0.97414025 | E10: =Aft!E10 / Bef!E10 -> 1.0130198 | F10: =Aft!F10 / Bef!F10 -> 1.0000144 | G10: =Aft!G10 / Bef!G10 -> 1.0000436 | H10: =Aft!H10 / Bef!H10 -> 1.000155 | I10: =Aft!I10 / Bef!I10 -> 1.0000277 | ... L10: =Aft!L10 / Bef!L10 -> 1.0000069
A11: 2010.75 | B11: =Aft!B11 / Bef!B11 -> 1.0002102 | C11: =Aft!C11 / Bef!C11 -> 1.0150146 | D11: =Aft!D11 / Bef!D11 -> 0.9711242 | E11: =Aft!E11 / Bef!E11 -> 1.0147591 | F11: =Aft!F11 / Bef!F11 -> 1.0004709 | G11: =Aft!G11 / Bef!G11 -> 1.0003034 | H11: =Aft!H11 / Bef!H11 -> 1.0009523 | I11: =Aft!I11 / Bef!I11 -> 1.0000147 | ... L11: =Aft!L11 / Bef!L11 -> 0.9999696
A12: 2010.8333 | B12: =Aft!B12 / Bef!B12 -> 1.0004667 | C12: =Aft!C12 / Bef!C12 -> 1.0166877 | D12: =Aft!D12 / Bef!D12 -> 0.96815727 | E12: =Aft!E12 / Bef!E12 -> 1.016534 | F12: =Aft!F12 / Bef!F12 -> 1.0010316 | G12: =Aft!G12 / Bef!G12 -> 1.0005976 | H12: =Aft!H12 / Bef!H12 -> 1.0018416 | I12: =Aft!I12 / Bef!I12 -> 0.99997711 | ... L12: =Aft!L12 / Bef!L12 -> 0.99991608
A13: 2010.9167 | B13: =Aft!B13 / Bef!B13 -> 1.0007728 | C13: =Aft!C13 / Bef!C13 -> 1.0183633 | D13: =Aft!D13 / Bef!D13 -> 0.96523863 | E13: =Aft!E13 / Bef!E13 -> 1.0183453 | F13: =Aft!F13 / Bef!F13 -> 1.0016958 | G13: =Aft!G13 / Bef!G13 -> 1.0009217 | H13: =Aft!H13 / Bef!H13 -> 1.002804 | I13: =Aft!I13 / Bef!I13 -> 0.99991328 | ... L13: =Aft!L13 / Bef!L13 -> 0.99985832
... A494: 2051 | B494: =Aft!B494 / Bef!B494 -> 18.44533 | C494: =Aft!C494 / Bef!C494 -> 2.5538909 | D494: =Aft!D494 / Bef!D494 -> 0.84214337 | E494: =Aft!E494 / Bef!E494 -> 0.91791245 | F494: =Aft!F494 / Bef!F494 -> 1.0477486 | G494: =Aft!G494 / Bef!G494 -> 0.7262644 | H494: =Aft!H494 / Bef!H494 -> 0.59227964 | I494: =Aft!I494 / Bef!I494 -> 0.9527134 | ... L494: =Aft!L494 / Bef!L494 -> 0.99364754
A495: 3.4028235e+38

Sheet Sheet1
A1: group | B1: 1 | C1: 3
A2: target | B2: 1 | C2: 1
A3: 2010-01 | B3: 1.1 | C3: 1.01
A4: 2010-02 | B4: 1.1 | C4: 1.02
A5: 2010-03 | B5: 1.1 | C5: 1.03
A6: 2010-04 | B6: 1.1 | C6: 1.04
A7: 2010-05 | B7: 1.1 | C7: 1.05
A8: 2010-06 | B8: 1.1 | C8: 1.06
A9: 2010-07 | B9: 1.1 | C9: 1.07
A10: 2010-08 | B10: 1.1 | C10: 1.08
A11: 2010-09 | B11: 1.1 | C11: 1.09
A12: 2010-10 | B12: 1.1 | C12: 1.1
... A14: 2010-12 | B14: 1.1 | C14: 1.12
