Workbook

Sheet Main
B1: Group Name | C1: Biomass | D1: Imports | E1: Respirations | F1: Exports | G1: Phytoplankton | H1: Bacteria | I1: HMFlagellates | J1: Microzoopl | K1: Mesozoopl | L1: Macrozoopl | M1: Ichthyopl | N1: Anchovy | O1: Pilchard | P1: Lanternfish | Q1: Gobies | R1: HMackerel | S1: Hake | T1: Carni fish | U1: Benthic fish | V1: Snoek | W1: DS crab | X1: Squid | Y1: Jellies | Z1: Rocklobster | AA1: Seals | AB1: Birds | AC1: DOC | AD1: Susp POC
A2: 1 | B2: Phytoplankton | C2: 14300 | D2: =C2*OtherData!B2 -> 1186.9 | E2: 0 | F2: =C2*OtherData!A2 -> 0 | G2: 0 | H2: 0 | I2: 0 | J2: 0 | K2: 301.49 | L2: 41.76 | M2: 0.0006 | N2: 1.229442 | O2: 5.43609 | P2: 0 | Q2: 5.30873 | R2: 0 | S2: 0 | T2: 0 | U2: 0 | V2: 0 | W2: 0 | X2: 0 | Y2: 112.64 | Z2: 0 | AA2: 0 | AB2: 0 | AC2: 296.9615 | AD2: 422.0736
A3: 2 | B3: Bacteria | C3: 2500 | D3: 0 | E3: 286.25 | F3: =C3*OtherData!A3 -> 0 | G3: 0 | H3: 0 | I3: 277.2 | J3: 0 | K3: 0 | L3: 0 | M3: 0 | N3: 0 | O3: 0 | P3: 0 | Q3: 0 | R3: 0 | S3: 0 | T3: 0 | U3: 0 | V3: 0 | W3: 0 | X3: 0 | Y3: 0 | Z3: 0 | AA3: 0 | AB3: 0 | AC3: 137.152 | AD3: 674.3981
A4: 3 | B4: HMFlagellates | C4: 1650 | D4: 0 | E4: 74.349 | F4: =C4*OtherData!A4 -> 0 | G4: 0 | H4: 0 | I4: 0 | J4: 111.3329 | K4: 0 | L4: 0 | M4: 0 | N4: 0 | O4: 0 | P4: 0 | Q4: 0 | R4: 0 | S4: 0 | T4: 0 | U4: 0 | V4: 0 | W4: 0 | X4: 0 | Y4: 0 | Z4: 0 | AA4: 0 | AB4: 0 | AC4: 0 | AD4: 91.51814
A5: 4 | B5: Microzoopl | C5: 90 | D5: 0 | E5: 90.6489 | F5: =C5*OtherData!A5 -> 0 | G5: 0 | H5: 0 | I5: 0 | J5: 0 | K5: 63.51 | L5: 0 | M5: 0 | N5: 0.431526 | O5: 1.90179 | P5: 0 | Q5: 0 | R5: 0 | S5: 0 | T5: 0 | U5: 0 | V5: 0 | W5: 0 | X5: 0 | Y5: 6.830723 | Z5: 0 | AA5: 0 | AB5: 0 | AC5: 0 | AD5: 38.36706
A6: 5 | B6: Mesozoopl | C6: 1000 | D6: 0 | E6: 215 | F6: =C6*OtherData!A6 -> 0 | G6: 0 | H6: 0 | I6: 0 | J6: 0 | K6: 0 | L6: 27.84 | M6: 0 | N6: 3.240516 | O6: 4.74606 | P6: 4.2484 | Q6: 0 | R6: 20.21882 | S6: 3.731904 | T6: 2.0277 | U6: 0 | V6: 0 | W6: 0 | X6: 0 | Y6: 10.44699 | Z6: 0 | AA6: 0 | AB6: 0.00078 | AC6: 0 | AD6: 73.49882
A7: 6 | B7: Macrozoopl | C7: 800 | D7: 0 | E7: 34.922 | F7: =C7*OtherData!A7 -> 0 | G7: 0 | H7: 0 | I7: 0 | J7: 0 | K7: 0 | L7: 0 | M7: 0 | N7: 3.240516 | O7: 4.74606 | P7: 6.3726 | Q7: 0.55727 | R7: 5.266655 | S7: 0.968544 | T7: 0.5265 | U7: 0 | V7: 1.249433 | W7: 0 | X7: 2.468081 | Y7: 2.678715 | Z7: 0 | AA7: 0 | AB7: 0.01118 | AC7: 0 | AD7: 6.592444
A8: 7 | B8: Ichthyopl | C8: 0.2 | D8: 0 | E8: 6.999999e-05 | F8: =C8*OtherData!A8 -> 0 | G8: 0 | H8: 0 | I8: 0 | J8: 0 | K8: 0 | L8: 0 | M8: 0 | N8: 0 | O8: 0 | P8: 0 | Q8: 0 | R8: 0 | S8: 0 | T8: 0 | U8: 0 | V8: 0 | W8: 0 | X8: 0 | Y8: 0 | Z8: 0 | AA8: 0 | AB8: 0 | AC8: 0 | AD8: 0.00053
A9: 8 | B9: Anchovy | C9: 118 | D9: 0 | E9: 2.17544 | F9: =C9*OtherData!A9 -> 0.077000003 | G9: 0 | H9: 0 | I9: 0 | J9: 0 | K9: 0 | L9: 0 | M9: 0 | N9: 0 | O9: 0 | P9: 0 | Q9: 0 | R9: 0 | S9: 0.02736 | T9: 0.0162 | U9: 0 | V9: 0.0351054 | W9: 0 | X9: 0 | Y9: 0 | Z9: 0 | AA9: 0.276348 | AB9: 0.0572 | AC9: 0 | AD9: 5.477346
A10: 9 | B10: Pilchard | C10: 255 | D10: 0 | E10: 10.2598 | F10: =C10*OtherData!A10 -> 0.16499999 | G10: 0 | H10: 0 | I10: 0 | J10: 0 | K10: 0 | L10: 0 | M10: 0 | N10: 0 | O10: 0 | P10: 0 | Q10: 0 | R10: 0 | S10: 0.05472 | T10: 0.0297 | U10: 0 | V10: 0.0734022 | W10: 0 | X10: 0 | Y10: 0 | Z10: 0 | AA10: 0.5768428 | AB10: 0.00286 | AC10: 0 | AD10: 5.667675
A11: 10 | B11: Lanternfish | C11: 559 | D11: 0 | E11: 4.90034 | F11: =C11*OtherData!A11 -> 0 | G11: 0 | H11: 0 | I11: 0 | J11: 0 | K11: 0 | L11: 0 | M11: 0 | N11: 0 | O11: 0 | P11: 0 | Q11: 0 | R11: 0.205528 | S11: 0.038304 | T11: 0.0189 | U11: 0 | V11: 0.0462753 | W11: 0 | X11: 0.092785 | Y11: 0 | Z11: 0 | AA11: 0.3648867 | AB11: 0.01378 | AC11: 0 | AD11: 4.940201
A12: 11 | B12: Gobies | C12: 419 | D12: 0 | E12: 2.36804 | F12: =C12*OtherData!A12 -> 0 | G12: 0 | H12: 0 | I12: 0 | J12: 0 | K12: 0 | L12: 0 | M12: 0 | N12: 0 | O12: 0 | P12: 0 | Q12: 0 | R12: 0 | S12: 0.021888 | T12: 0.0108 | U12: 0 | V12: 0.0255312 | W12: 0 | X12: 0 | Y12: 0 | Z12: 0 | AA12: 0.2012243 | AB12: 0.12142 | AC12: 0 | AD12: 3.117097
A13: 12 | B13: HMackerel | C13: 1117 | D13: 0 | E13: 11.04386 | F13: =C13*OtherData!A13 -> 0.69899995 | G13: 0 | H13: 0 | I13: 0 | J13: 0 | K13: 0 | L13: 0 | M13: 0 | N13: 0 | O13: 0 | P13: 0 | Q13: 0 | R13: 0 | S13: 0.087552 | T13: 0.0486 | U13: 0 | V13: 0.1148904 | W13: 0 | X13: 0 | Y13: 0 | Z13: 0 | AA13: 0.8907526 | AB13: 0.0013 | AC13: 0 | AD13: 12.80505
A14: 13 | B14: Hake | C14: 456 | D14: 0 | E14: 0.5457997 | F14: =C14*OtherData!A14 -> 0.17499999 | G14: 0 | H14: 0 | I14: 0 | J14: 0 | K14: 0 | L14: 0 | M14: 0 | N14: 0 | O14: 0 | P14: 0 | Q14: 0 | R14: 0 | S14: 0.016416 | T14: 0.0081 | U14: 0 | V14: 0.0191484 | W14: 0 | X14: 0.037114 | Y14: 0 | Z14: 0 | AA14: 0.1502474 | AB14: 0.02678 | AC14: 0 | AD14: 4.493394
... A23: 22 | B23: Birds | C23: 1 | D23: 0 | E23: 0.19474 | F23: =C23*OtherData!A23 -> 0 | G23: 0 | H23: 0 | I23: 0 | J23: 0 | K23: 0 | L23: 0 | M23: 0 | N23: 0 | O23: 0 | P23: 0 | Q23: 0 | R23: 0 | S23: 0 | T23: 0 | U23: 0 | V23: 0 | W23: 0 | X23: 0 | Y23: 0 | Z23: 0 | AA23: 0 | AB23: 0.00026 | AC23: 0 | AD23: 0.065
A24: 23 | B24: DOC | C24: 206250 | D24: 0 | E24: 361.9293 | F24: 0 | G24: 0 | H24: 1375 | I24: 0 | J24: 0 | K24: 0 | L24: 0 | M24: 0 | N24: 0 | O24: 0 | P24: 0 | Q24: 0 | R24: 0 | S24: 0 | T24: 0 | U24: 0 | V24: 0 | W24: 0 | X24: 0 | Y24: 0 | Z24: 0 | AA24: 0 | AB24: 0 | AC24: 0 | AD24: 0
A25: 24 | B25: Susp POC | C25: 8805 | D25: 0 | E25: 0.0001 | F25: =C25*OtherData!A25 -> 0 | G25: 0 | H25: 0 | I25: 0 | J25: 90.35712 | K25: 0 | L25: 0 | M25: 0 | N25: 0 | O25: 0 | P25: 0 | Q25: 0 | R25: 0 | S25: 0 | T25: 0 | U25: 0 | V25: 0 | W25: 0 | X25: 0 | Y25: 0 | Z25: 0 | AA25: 0 | AB25: 0 | AC25: 1293.784 | AD25: 0

Sheet OtherData
A1: Fishing mort. rate | B1: Production / biomass (/year)
A2: 0 | B2: 0.083
A3: 0 | B3: 0.166
A4: 0 | B4: 0.0675
A5: 0 | B5: 0.808
A6: 0 | B6: 0.11
A7: 0 | B7: 0.036
A8: 0 | B8: 0.001
A9: 0.0006525424 | B9: 0.007
A10: 0.0006470588 | B10: 0.007
A11: 0 | B11: 0.002
A12: 0 | B12: 0.001
A13: 0.0006257833 | B13: 0.002
... A23: 0 | B23: 0.00026

Sheet Throughflows
A1: Tin | B1: Tout | D1: Difference
A2: =SUM(Main!G2:G25)+Main!D2 -> 1186.9 | B2: =SUM(Main!E2:AD2) -> 1186.9 | D2: =A2-B2 -> 3.8e-05 | F2: TSTput | G2: =SUM(B2:B25)+SUM(Main!D2:D25) -> 8003.5166
A3: =SUM(Main!H$2:H$25)+Main!D3 -> 1375 | B3: =SUM(Main!E3:AD3) -> 1375.0001 | D3: =A3-B3 -> -0.0001
A4: =SUM(Main!I$2:I$25)+Main!D4 -> 277.2 | B4: =SUM(Main!E4:AD4) -> 277.20004 | D4: =A4-B4 -> -4e-05
A5: =SUM(Main!J$2:J$25)+Main!D5 -> 201.69002 | B5: =SUM(Main!E5:AD5) -> 201.69 | D5: =A5-B5 -> 2.1e-05
A6: =SUM(Main!K$2:K$25)+Main!D6 -> 365 | B6: =SUM(Main!E6:AD6) -> 364.99999 | D6: =A6-B6 -> 1e-05
A7: =SUM(Main!L$2:L$25)+Main!D7 -> 69.6 | B7: =SUM(Main!E7:AD7) -> 69.599998 | D7: =A7-B7 -> 2e-06
A8: =SUM(Main!M$2:M$25)+Main!D8 -> 0.0006 | B8: =SUM(Main!E8:AD8) -> 0.00059999999 | D8: =A8-B8 -> 1e-11
A9: =SUM(Main!N$2:N$25)+Main!D9 -> 8.142 | B9: =SUM(Main!E9:AD9) -> 8.1419994 | D9: =A9-B9 -> 5.968e-07
A10: =SUM(Main!O$2:O$25)+Main!D10 -> 16.83 | B10: =SUM(Main!E10:AD10) -> 16.83 | D10: =A10-B10 -> 5.9999969e-09
A11: =SUM(Main!P$2:P$25)+Main!D11 -> 10.621 | B11: =SUM(Main!E11:AD11) -> 10.621 | D11: =A11-B11 -> 0
A12: =SUM(Main!Q$2:Q$25)+Main!D12 -> 5.866 | B12: =SUM(Main!E12:AD12) -> 5.8660005 | D12: =A12-B12 -> -5e-07
A13: =SUM(Main!R$2:R$25)+Main!D13 -> 25.691003 | B13: =SUM(Main!E13:AD13) -> 25.691005 | D13: =A13-B13 -> -1.9461e-06
A14: =SUM(Main!S$2:S$25)+Main!D14 -> 5.472 | B14: =SUM(Main!E14:AD14) -> 5.4719995 | D14: =A14-B14 -> 5.136e-07
A15: =SUM(Main!T$2:T$25)+Main!D15 -> 2.7 | B15: =SUM(Main!E15:AD15) -> 2.6999998 | D15: =A15-B15 -> 1.875e-07
A16: =SUM(Main!U$2:U$25)+Main!D16 -> 1.5192 | B16: =SUM(Main!E16:AD16) -> 1.5191998 | D16: =A16-B16 -> 1.600196e-07
A17: =SUM(Main!V$2:V$25)+Main!D17 -> 1.5956999 | B17: =SUM(Main!E17:AD17) -> 1.5957 | D17: =A17-B17 -> -6.0145e-08
A18: =SUM(Main!W$2:W$25)+Main!D18 -> 0.3312 | B18: =SUM(Main!E18:AD18) -> 0.3312 | D18: =A18-B18 -> -3.1999997e-10
A19: =SUM(Main!X$2:X$25)+Main!D19 -> 2.651 | B19: =SUM(Main!E19:AD19) -> 2.6510001 | D19: =A19-B19 -> -5.0000001e-08
A20: =SUM(Main!Y$2:Y$25)+Main!D20 -> 133.93579 | B20: =SUM(Main!E20:AD20) -> 133.93574 | D20: =A20-B20 -> 4e-05
A21: =SUM(Main!Z$2:Z$25)+Main!D21 -> 0.0036 | B21: =SUM(Main!E21:AD21) -> 0.0036000001 | D21: =A21-B21 -> -1e-10
A22: =SUM(Main!AA$2:AA$25)+Main!D22 -> 2.68299 | B22: =SUM(Main!E22:AD22) -> 2.68299 | D22: =A22-B22 -> -3.00637e-08
A23: =SUM(Main!AB$2:AB$25)+Main!D23 -> 0.26 | B23: =SUM(Main!E23:AD23) -> 0.26 | D23: =A23-B23 -> 0
A24: =SUM(Main!AC$2:AC$25)+Main!D24 -> 1736.9293 | B24: =SUM(Main!E24:AD24) -> 1736.9293 | D24: =A24-B24 -> 3.6e-05
A25: =SUM(Main!AD$2:AD$25)+Main!D25 -> 1384.1412 | B25: =SUM(Main!E25:AD25) -> 1384.1412 | D25: =A25-B25 -> 2.47e-05
E27: as % of total
A28: =SUM(A2:A25) -> 6814.7627 | B28: =SUM(B2:B25) -> 6814.7626 | D28: =A28-B28 -> 3.0577199e-05 | E28: =D28/B28 -> 4.486906e-09
